site_from,site_to,tau
SiteA,SiteA,NA
SiteB,SiteA,0.3999999999999999
SiteC,SiteA,0.19999999999999996
SiteA,SiteB,-0.3999999999999999
SiteB,SiteB,NA
SiteC,SiteB,0.7999999999999998
SiteA,SiteC,0.19999999999999996
SiteB,SiteC,0.19999999999999996
SiteC,SiteC,NA
