site,S1-S2,S2-S3,S3-S4,mean,sd,rho
SiteA,133.0501875779392,117.77775921522058,131.66206891908575,127.50814842055595,0.12046062455446499,0.9927708757036946
SiteB,54.15453601362785,136.44827091019465,67.50707178573997,84.26449480505427,0.6455481136963456,0.8119096743050892
SiteC,143.6681095597468,107.89253200575388,122.56995631083436,124.67468241219377,0.25734000604783797,0.967430260007033
