site,S1,S2,S3,S4,Path
SiteA,0.16363636363636364,0.18518518518518517,0.1485148514851485,0.09278350515463918,0.5901199054613365
SiteB,0.10909090909090909,0.16071428571428573,0.18,0.13636363636363635,0.5861688311688311
SiteC,0.15315315315315314,0.15702479338842976,0.15873015873015872,0.13559322033898305,0.6045013256107247
