site_from,site_to,p_value
SiteA,SiteA,NA
SiteB,SiteA,0.4833333333333334
SiteC,SiteA,0.8166666666666667
SiteA,SiteB,0.48333333333333334
SiteB,SiteB,NA
SiteC,SiteB,0.08333333333333326
SiteA,SiteC,0.8166666666666667
SiteB,SiteC,0.8166666666666667
SiteC,SiteC,NA
